1403715278862143488,0.02382,0.00683,0.02832,0.00000,0.00000,0.00000,0.00000,0.07351,-0.00587,0.21754,
1403715278962142464,0.05069,0.01234,0.07993,0.00978,0.80705,-0.01859,0.59011,0.10292,0.02172,0.25683,
1403715279062143488,0.07515,0.01715,0.11897,0.01134,0.80812,-0.01793,0.58864,0.11461,0.02532,0.09507,
1403715279162142464,0.09001,0.02013,0.12690,0.01257,0.80907,-0.01696,0.58734,0.09793,0.01897,-0.08425,
1403715279262142464,0.10274,0.02228,0.12196,0.01326,0.81011,-0.01614,0.58591,0.09081,0.02080,-0.12295,
1403715279362143488,0.11416,0.02436,0.11779,0.01258,0.81177,-0.01665,0.58360,0.07401,0.01861,-0.07046,
1403715279462142464,0.12292,0.02577,0.11676,0.01125,0.81261,-0.01715,0.58245,0.05752,0.00944,-0.01242,
1403715279562143488,0.12895,0.02668,0.11887,0.01129,0.81284,-0.01693,0.58213,0.04650,0.00546,0.03407,
1403715279662142464,0.13333,0.02731,0.12428,0.01154,0.81343,-0.01657,0.58131,0.03613,-0.00116,0.07420,
1403715279762142464,0.13671,0.02741,0.13317,0.01131,0.81347,-0.01676,0.58126,0.01818,-0.00529,0.10225,
1403715279862143488,0.13824,0.02687,0.14471,0.01092,0.81399,-0.01711,0.58053,0.00045,-0.01215,0.12589,
1403715279962142464,0.13926,0.02585,0.15993,0.01145,0.81620,-0.01695,0.57740,-0.00381,-0.01317,0.13315,
1403715280062143488,0.13975,0.02461,0.17260,0.01147,0.82406,-0.01722,0.56613,0.00530,-0.01760,0.12290,
1403715280162142464,0.14311,0.02247,0.18637,0.01680,0.82984,-0.01342,0.55759,0.03627,-0.02106,0.14029,
1403715280262142464,0.15119,0.02040,0.20332,0.02434,0.83006,-0.00801,0.55709,0.08156,-0.00507,0.17103,
1403715280362143488,0.16214,0.02136,0.22062,0.02989,0.82752,-0.00427,0.56063,0.11847,0.02162,0.16998,
1403715280462142464,0.17766,0.02421,0.23836,0.03222,0.82496,-0.00777,0.56422,0.15599,0.04771,0.16310,
1403715280562143488,0.19555,0.02976,0.25281,0.03111,0.82243,-0.02226,0.56760,0.17502,0.06672,0.14808,
1403715280662142464,0.21532,0.03533,0.26846,0.03673,0.81951,-0.04060,0.57046,0.18600,0.05245,0.13552,
1403715280762142464,0.23497,0.04048,0.28158,0.04629,0.81710,-0.06058,0.57146,0.19276,0.04933,0.11099,
1403715280862143488,0.25468,0.04551,0.29240,0.05973,0.81452,-0.08334,0.57103,0.19083,0.04616,0.10505,
1403715280962142464,0.27440,0.05093,0.30322,0.07158,0.81190,-0.10113,0.57052,0.18615,0.05631,0.09271,
1403715281062143488,0.29352,0.05737,0.31314,0.08096,0.80997,-0.11428,0.56952,0.18254,0.06457,0.09560,
1403715281162142464,0.31322,0.06445,0.32319,0.08800,0.80812,-0.12345,0.56918,0.19388,0.07071,0.09047,
1403715281262142464,0.33420,0.07103,0.33189,0.09336,0.80701,-0.13173,0.56805,0.19697,0.06333,0.07445,
1403715281362143488,0.35431,0.07646,0.33783,0.10071,0.80626,-0.14332,0.56504,0.19110,0.05243,0.05197,
1403715281462142464,0.37396,0.08036,0.34152,0.11079,0.80455,-0.15650,0.56209,0.19422,0.03554,0.03491,
1403715281562143488,0.39511,0.08281,0.34315,0.12413,0.80136,-0.17337,0.55892,0.19652,0.02258,0.00882,
1403715281662142464,0.41607,0.08413,0.34159,0.13900,0.79654,-0.19452,0.55534,0.20076,0.01540,-0.02110,
1403715281762142464,0.43692,0.08559,0.33838,0.15459,0.79117,-0.21685,0.55060,0.20250,0.01252,-0.02738,
1403715281862143488,0.45866,0.08678,0.33383,0.17214,0.78369,-0.24282,0.54523,0.20637,0.01525,-0.05168,
1403715281962142464,0.48230,0.08756,0.32694,0.18868,0.77605,-0.26708,0.53932,0.21887,0.01144,-0.07068,
1403715282062143488,0.50504,0.08832,0.31756,0.20356,0.76770,-0.29063,0.53366,0.23037,0.00436,-0.09996,
1403715282162142464,0.53057,0.08876,0.30738,0.21884,0.75942,-0.31157,0.52760,0.24574,-0.00114,-0.11055,
1403715282262142464,0.55777,0.08878,0.29658,0.23300,0.75136,-0.33057,0.52147,0.26450,-0.00608,-0.11143,
1403715282362143488,0.58685,0.08863,0.28586,0.24786,0.74205,-0.35171,0.51407,0.27293,-0.01519,-0.11499,
1403715282462142464,0.61686,0.08809,0.27463,0.26199,0.73361,-0.37076,0.50573,0.29923,-0.01359,-0.11979,
1403715282562143488,0.65000,0.08731,0.26302,0.27599,0.72334,-0.38937,0.49905,0.31970,-0.01957,-0.12165,
1403715282662142464,0.68469,0.08638,0.25167,0.28948,0.71142,-0.40659,0.49477,0.33491,-0.01937,-0.12178,
1403715282762142464,0.72085,0.08552,0.23926,0.29943,0.69939,-0.42401,0.49137,0.34463,-0.01273,-0.14116,
1403715282862143488,0.75644,0.08409,0.22575,0.31036,0.68719,-0.44239,0.48556,0.33874,-0.02110,-0.14316,
1403715282962142464,0.79265,0.08270,0.21198,0.32224,0.67495,-0.45854,0.47998,0.34351,-0.01683,-0.13383,
1403715283062143488,0.82872,0.08166,0.19828,0.33255,0.66173,-0.47559,0.47473,0.33996,-0.00948,-0.14031,
1403715283162142464,0.86489,0.08088,0.18380,0.34092,0.64767,-0.49316,0.47024,0.32773,-0.00087,-0.13561,
1403715283262142464,0.90050,0.08029,0.16914,0.34969,0.63439,-0.50857,0.46546,0.31227,0.00726,-0.13161,
1403715283362143488,0.93348,0.08047,0.15553,0.35935,0.62066,-0.52413,0.45931,0.28636,0.01409,-0.13000,
1403715283462142464,0.96448,0.08083,0.14133,0.36615,0.61113,-0.53899,0.44942,0.25365,0.01883,-0.13291,
1403715283562143488,0.99241,0.08191,0.12911,0.37452,0.60410,-0.55144,0.43673,0.22928,0.02682,-0.11182,
1403715283662142464,1.01899,0.08303,0.11876,0.38059,0.59900,-0.56145,0.42560,0.22670,0.01546,-0.10074,
1403715283762142464,1.04502,0.08276,0.10948,0.38466,0.59477,-0.56730,0.42008,0.23297,-0.00063,-0.08896,
1403715283862143488,1.07155,0.08120,0.10094,0.38871,0.58997,-0.57044,0.41885,0.23611,-0.01116,-0.09006,
1403715283962142464,1.09488,0.07933,0.09249,0.39070,0.58670,-0.57196,0.41952,0.22678,-0.02203,-0.09354,
1403715284062143488,1.12316,0.07513,0.08099,0.38792,0.58775,-0.57459,0.41703,0.24108,-0.03408,-0.10625,
1403715284162142464,1.14663,0.07157,0.07086,0.38249,0.58911,-0.57700,0.41680,0.23044,-0.04297,-0.09741,
1403715284262142464,1.16879,0.06560,0.06065,0.37520,0.58857,-0.57970,0.42043,0.20489,-0.06804,-0.07822,
1403715284362143488,1.18860,0.05565,0.05157,0.36866,0.58764,-0.58101,0.42567,0.16601,-0.10496,-0.06695,
1403715284462142464,1.20276,0.04231,0.04423,0.37177,0.59128,-0.57575,0.42508,0.12493,-0.14288,-0.05599,
1403715284562143488,1.21364,0.02593,0.03776,0.37728,0.59592,-0.56835,0.42369,0.10331,-0.17440,-0.05661,
1403715284662142464,1.22339,0.00902,0.03242,0.38169,0.59997,-0.56139,0.42332,0.09447,-0.18078,-0.05400,
1403715284762142464,1.23266,-0.00947,0.02687,0.38433,0.60202,-0.55718,0.42357,0.09005,-0.18506,-0.04860,
1403715284862143488,1.24243,-0.02719,0.02221,0.38986,0.59852,-0.55720,0.42346,0.08539,-0.17688,-0.04141,
1403715284962142464,1.25097,-0.04373,0.01910,0.39648,0.58700,-0.56353,0.42508,0.07956,-0.15571,-0.02394,
1403715285062143488,1.25855,-0.05848,0.01773,0.40552,0.56926,-0.57414,0.42649,0.06508,-0.13679,-0.00109,
1403715285162142464,1.26518,-0.06962,0.01848,-0.41528,-0.55464,0.58732,-0.41834,0.05746,-0.08076,0.01592,
1403715285262142464,1.27114,-0.07548,0.02120,-0.41821,-0.54283,0.60314,-0.40827,0.05732,-0.04072,0.04253,
1403715285362143488,1.27621,-0.07773,0.03181,-0.41452,-0.53384,0.61976,-0.39889,0.04446,-0.02423,0.17571,
1403715285462142464,1.28000,-0.08040,0.05680,-0.41104,-0.53008,0.63052,-0.39053,0.02090,-0.02440,0.31530,
1403715285562143488,1.27960,-0.08253,0.09298,-0.40869,-0.52600,0.63727,-0.38754,-0.01528,-0.04415,0.39281,
1403715285662142464,1.27493,-0.08593,0.13228,-0.40813,-0.52289,0.64092,-0.38632,-0.06203,-0.06039,0.38212,
1403715285762142464,1.26493,-0.09215,0.16998,-0.40998,-0.52099,0.64194,-0.38523,-0.11798,-0.08409,0.37618,
1403715285862143488,1.24970,-0.09937,0.20554,-0.41488,-0.52211,0.64032,-0.38114,-0.16436,-0.09934,0.33582,
1403715285962142464,1.23125,-0.10920,0.23835,-0.42076,-0.52700,0.63705,-0.37337,-0.19219,-0.11602,0.31523,
1403715286062143488,1.21131,-0.12000,0.26740,-0.42579,-0.53119,0.63408,-0.36672,-0.19634,-0.13539,0.27279,
1403715286162142464,1.19143,-0.13317,0.29390,-0.42504,-0.53083,0.63525,-0.36608,-0.19545,-0.15726,0.24399,
1403715286262142464,1.17157,-0.14855,0.31744,-0.42195,-0.52903,0.63796,-0.36754,-0.20173,-0.18579,0.22732,
1403715286362143488,1.15125,-0.16781,0.34033,-0.42401,-0.52955,0.63676,-0.36651,-0.20719,-0.20710,0.21037,
1403715286462142464,1.13092,-0.18919,0.36131,-0.42672,-0.53043,0.63510,-0.36498,-0.20963,-0.23106,0.18522,
1403715286562143488,1.11107,-0.21380,0.38019,-0.43032,-0.53010,0.63353,-0.36395,-0.19991,-0.25806,0.18162,
1403715286662142464,1.09182,-0.23965,0.39836,-0.43597,-0.52390,0.63438,-0.36473,-0.19728,-0.26722,0.17456,
1403715286762142464,1.07295,-0.26558,0.41463,-0.44541,-0.51350,0.63661,-0.36424,-0.19241,-0.25887,0.13780,
1403715286862143488,1.05553,-0.28981,0.42622,-0.44829,-0.50657,0.64511,-0.35534,-0.17284,-0.24093,0.10106,
1403715286962142464,1.03901,-0.31543,0.43814,-0.44853,-0.50373,0.65260,-0.34525,-0.15353,-0.25266,0.11452,
1403715287062143488,1.02484,-0.34275,0.45068,-0.45047,-0.50014,0.65749,-0.33859,-0.13087,-0.26266,0.12809,
1403715287162142464,1.01333,-0.37264,0.46398,-0.45562,-0.49603,0.65850,-0.33577,-0.10533,-0.29504,0.13694,
1403715287262142464,1.00443,-0.40484,0.47751,-0.46236,-0.49091,0.65700,-0.33703,-0.08310,-0.31378,0.14200,
1403715287362143488,0.99829,-0.43756,0.48975,-0.46614,-0.48613,0.65636,-0.33997,-0.04951,-0.31669,0.12872,
1403715287462142464,0.99302,-0.47158,0.50173,-0.46376,-0.48108,0.65931,-0.34467,-0.03090,-0.30237,0.12257,
1403715287562143488,0.98935,-0.50166,0.51373,-0.46130,-0.47283,0.66570,-0.34711,-0.03820,-0.27280,0.12763,
1403715287662142464,0.98417,-0.52819,0.52797,-0.46008,-0.46013,0.67623,-0.34545,-0.06807,-0.23963,0.14069,
1403715287762142464,0.97371,-0.55400,0.54325,-0.46392,-0.44627,0.68596,-0.33927,-0.11128,-0.20989,0.15752,
1403715287862143488,0.96010,-0.57624,0.56050,-0.47471,-0.42984,0.69476,-0.32746,-0.15881,-0.18086,0.16906,
1403715287962142464,0.94213,-0.59745,0.57877,-0.48845,-0.41187,0.70292,-0.31261,-0.18294,-0.16162,0.17628,
1403715288062143488,0.92350,-0.61589,0.59575,-0.50061,-0.39162,0.71219,-0.29810,-0.17850,-0.14075,0.15402,
1403715288162142464,0.90488,-0.63287,0.60973,-0.50808,-0.37456,0.72081,-0.28639,-0.17537,-0.11694,0.08058,
1403715288262142464,0.88729,-0.64663,0.61319,0.51158,0.36379,-0.72753,0.27688,-0.16485,-0.09563,-0.05858,
1403715288362143488,0.86956,-0.65973,0.60540,0.51464,0.35688,-0.73183,0.26872,-0.15668,-0.09145,-0.19031,
1403715288462142464,0.85230,-0.67279,0.59201,0.51501,0.35168,-0.73482,0.26668,-0.15691,-0.07516,-0.16029,
1403715288562143488,0.83490,-0.68372,0.58831,0.51492,0.34897,-0.73623,0.26657,-0.15687,-0.05660,-0.02822,
1403715288662142464,0.81798,-0.68959,0.59443,0.51340,0.34741,-0.73748,0.26806,-0.17392,-0.04853,0.10622,
1403715288762142464,0.80036,-0.69461,0.61490,0.51403,0.35015,-0.73660,0.26569,-0.18389,-0.03643,0.15509,
1403715288862143488,0.78326,-0.69520,0.62494,0.51509,0.35348,-0.73594,0.26102,-0.18918,-0.01784,0.03454,
1403715288962142464,0.76528,-0.69392,0.62360,0.51802,0.35342,-0.73661,0.25332,-0.19342,-0.00037,-0.10104,
1403715289062143488,0.74755,-0.69125,0.60851,0.51903,0.34792,-0.74084,0.24641,-0.18284,0.00826,-0.23210,
1403715289162142464,0.73257,-0.68491,0.58642,0.52165,0.34145,-0.74505,0.23705,-0.17067,0.00951,-0.29071,
1403715289262142464,0.71852,-0.67968,0.55945,0.52430,0.33525,-0.74833,0.22963,-0.14800,0.00938,-0.29563,
1403715289362143488,0.70556,-0.67552,0.53044,0.52813,0.32614,-0.75273,0.21935,-0.13203,0.01328,-0.31077,
1403715289462142464,0.69314,-0.67332,0.49793,0.52977,0.31334,-0.75967,0.20995,-0.12261,-0.00536,-0.35912,
1403715289562143488,0.68042,-0.67416,0.46177,0.53133,0.29881,-0.76719,0.19960,-0.11675,-0.02468,-0.39451,
1403715289662142464,0.66749,-0.67862,0.42260,0.53096,0.28633,-0.77459,0.19006,-0.10838,-0.05964,-0.42154,
1403715289762142464,0.65580,-0.68739,0.38366,0.53124,0.27805,-0.77865,0.18487,-0.10831,-0.10218,-0.36655,
1403715289862143488,0.64552,-0.69999,0.35428,0.53221,0.27333,-0.77998,0.18349,-0.10848,-0.14668,-0.26093,
1403715289962142464,0.63556,-0.71845,0.33678,0.53140,0.27245,-0.78032,0.18572,-0.10662,-0.18501,-0.14964,
1403715290062143488,0.62366,-0.73897,0.32978,0.53054,0.27511,-0.77932,0.18845,-0.10904,-0.21630,-0.02671,
1403715290162142464,0.61133,-0.76243,0.33600,0.53153,0.28106,-0.77575,0.19159,-0.12649,-0.25185,0.08163,
1403715290262142464,0.59756,-0.78866,0.35211,0.52691,0.28820,-0.77599,0.19275,-0.14126,-0.28284,0.15979,
1403715290362143488,0.58263,-0.81908,0.36968,0.52095,0.29348,-0.77723,0.19595,-0.16128,-0.32996,0.12869,
1403715290462142464,0.56745,-0.85240,0.38018,0.51416,0.29499,-0.78009,0.20023,-0.16538,-0.35689,0.10663,
1403715290562143488,0.54982,-0.88908,0.39035,0.51570,0.29545,-0.77805,0.20348,-0.20293,-0.39056,0.08957,
1403715290662142464,0.52984,-0.92925,0.39751,0.51839,0.29277,-0.77623,0.20740,-0.21392,-0.40803,0.04775,
1403715290762142464,0.50794,-0.97136,0.40256,0.52502,0.29135,-0.77232,0.20735,-0.22947,-0.42158,0.04695,
1403715290862143488,0.48715,-1.01369,0.40711,0.52755,0.28761,-0.77129,0.20999,-0.21713,-0.42846,0.01586,
1403715290962142464,0.46706,-1.05652,0.40966,0.52791,0.28260,-0.77241,0.21173,-0.19989,-0.42342,-0.00011,
1403715291062143488,0.44669,-1.09903,0.41080,0.52869,0.27249,-0.77373,0.21814,-0.20847,-0.41572,-0.00695,
1403715291162142464,0.42563,-1.13976,0.41240,0.52841,0.26139,-0.77615,0.22373,-0.22252,-0.38366,-0.00163,
1403715291262142464,0.40236,-1.17610,0.41226,0.52938,0.25197,-0.77834,0.22462,-0.24771,-0.32583,-0.04335,
1403715291362143488,0.37596,-1.20722,0.40685,0.53119,0.24368,-0.78080,0.22094,-0.27475,-0.27742,-0.07825,
1403715291462142464,0.34712,-1.23392,0.40048,0.53147,0.23672,-0.78442,0.21492,-0.28841,-0.22265,-0.10593,
1403715291562143488,0.31591,-1.25411,0.38999,0.52949,0.23067,-0.78986,0.20632,-0.30880,-0.16823,-0.12152,
1403715291662142464,0.28206,-1.26992,0.38113,0.52811,0.22231,-0.79447,0.20125,-0.35206,-0.13333,-0.12507,
1403715291762142464,0.24210,-1.28315,0.37179,0.52821,0.21797,-0.79734,0.19428,-0.39496,-0.10601,-0.11294,
1403715291862143488,0.19821,-1.29270,0.36184,0.53265,0.22125,-0.79696,0.17946,-0.44096,-0.09003,-0.11877,
1403715291962142464,0.15220,-1.30028,0.34970,0.53543,0.22478,-0.79664,0.16781,-0.46647,-0.09146,-0.13827,
1403715292062143488,0.10360,-1.31030,0.33619,0.53580,0.22690,-0.79696,0.16217,-0.47235,-0.11828,-0.14084,
1403715292162142464,0.05393,-1.32343,0.32206,0.53421,0.23193,-0.79614,0.16428,-0.47347,-0.14807,-0.15910,
1403715292262142464,0.00540,-1.33998,0.30843,0.53186,0.24342,-0.79321,0.16942,-0.48028,-0.18509,-0.14050,
1403715292362143488,-0.04491,-1.35949,0.29551,0.52779,0.26289,-0.78801,0.17714,-0.48720,-0.21190,-0.14012,
1403715292462142464,-0.09462,-1.38330,0.28353,0.52276,0.28436,-0.78133,0.18819,-0.49422,-0.26757,-0.11601,
1403715292562143488,-0.14392,-1.41170,0.27373,0.52205,0.30551,-0.76936,0.20556,-0.48769,-0.30490,-0.09461,
1403715292662142464,-0.19275,-1.44378,0.26732,0.52787,0.32958,-0.75016,0.22373,-0.47133,-0.32721,-0.06042,
1403715292762142464,-0.23887,-1.47793,0.26365,0.52987,0.35401,-0.73244,0.23982,-0.42691,-0.34406,-0.02571,
1403715292862143488,-0.27942,-1.51258,0.26707,0.52507,0.38065,-0.71666,0.25665,-0.35653,-0.34815,0.07737,
1403715292962142464,-0.31247,-1.54763,0.28108,0.51041,0.40252,-0.70868,0.27437,-0.29555,-0.33969,0.19725,
1403715293062143488,-0.34012,-1.58223,0.30685,0.49763,0.41926,-0.69952,0.29548,-0.24990,-0.34121,0.30481,
1403715293162142464,-0.36372,-1.61654,0.33790,-0.48587,-0.43456,0.69009,-0.31449,-0.23143,-0.33230,0.31596,
1403715293262142464,-0.38606,-1.65017,0.36952,-0.47666,-0.44956,0.67972,-0.32971,-0.22156,-0.32842,0.32477,
1403715293362143488,-0.40937,-1.68314,0.40136,-0.47158,-0.46535,0.66496,-0.34487,-0.21329,-0.31014,0.31835,
1403715293462142464,-0.43224,-1.71294,0.43343,-0.46805,-0.47734,0.65051,-0.36047,-0.21361,-0.26836,0.30786,
1403715293562143488,-0.45548,-1.73881,0.46447,-0.45881,-0.49146,0.64114,-0.37003,-0.21003,-0.23142,0.31203,
1403715293662142464,-0.47826,-1.76078,0.49573,-0.44719,-0.50647,0.63451,-0.37540,-0.21405,-0.20095,0.31749,
1403715293762142464,-0.50144,-1.77989,0.52750,-0.43743,-0.52014,0.62727,-0.38033,-0.22038,-0.17881,0.32528,
1403715293862143488,-0.52386,-1.79656,0.55829,-0.42710,-0.53420,0.61841,-0.38706,-0.21434,-0.16902,0.30643,
1403715293962142464,-0.54694,-1.81373,0.58756,-0.41832,-0.54779,0.60796,-0.39414,-0.21930,-0.16817,0.27171,
1403715294062143488,-0.57014,-1.83035,0.60797,-0.41023,-0.56106,0.59503,-0.40359,-0.22053,-0.16590,0.14671,
1403715294162142464,-0.59249,-1.84534,0.61558,-0.40281,-0.57182,0.58058,-0.41680,-0.22403,-0.15110,0.02411,
1403715294262142464,-0.61598,-1.85907,0.61154,-0.39500,-0.58162,0.56664,-0.42969,-0.22407,-0.12197,-0.10959,
1403715294362143488,-0.63937,-1.86981,0.59372,0.38515,0.59364,-0.55161,0.44159,-0.23834,-0.10227,-0.23428,
1403715294462142464,-0.66330,-1.87872,0.56728,0.37655,0.60630,-0.53600,0.45093,-0.24813,-0.07360,-0.26936,
1403715294562143488,-0.68886,-1.88453,0.53902,0.36551,0.62111,-0.52140,0.45694,-0.25477,-0.03594,-0.27919,
1403715294662142464,-0.71428,-1.88694,0.51029,0.35272,0.63964,-0.50715,0.45749,-0.26410,-0.01646,-0.27144,
1403715294762142464,-0.73945,-1.88861,0.48242,0.34162,0.65668,-0.49239,0.45789,-0.25598,-0.01646,-0.26191,
1403715294862143488,-0.76400,-1.89095,0.45526,0.32987,0.67177,-0.47589,0.46202,-0.23652,-0.02463,-0.26421,
1403715294962142464,-0.78530,-1.89454,0.43052,0.32233,0.68254,-0.45776,0.46981,-0.20631,-0.03808,-0.23492,
1403715295062143488,-0.80363,-1.89839,0.40720,0.31302,0.69006,-0.44107,0.48096,-0.17364,-0.03393,-0.22636,
1403715295162142464,-0.81967,-1.90106,0.38617,0.30131,0.69456,-0.42603,0.49530,-0.16324,-0.01818,-0.19167,
1403715295262142464,-0.83533,-1.90106,0.37085,0.28964,0.69987,-0.41192,0.50660,-0.16493,0.01400,-0.09579,
1403715295362143488,-0.85072,-1.89867,0.36747,0.27506,0.71122,-0.39437,0.51285,-0.16240,0.04067,0.03171,
1403715295462142464,-0.86745,-1.89486,0.37460,0.26127,0.72353,-0.37494,0.51740,-0.16355,0.05493,0.12849,
1403715295562143488,-0.88443,-1.89044,0.38196,0.25124,0.73487,-0.35395,0.52115,-0.17919,0.05645,0.02565,
1403715295662142464,-0.90258,-1.88560,0.37617,0.24459,0.74171,-0.33761,0.52544,-0.19116,0.06422,-0.11917,
1403715295762142464,-0.92008,-1.87943,0.35887,0.23865,0.74540,-0.32550,0.53055,-0.17429,0.09352,-0.19848,
1403715295862143488,-0.93679,-1.87092,0.33733,0.22831,0.74742,-0.31393,0.53917,-0.17692,0.11810,-0.21375,
1403715295962142464,-0.95477,-1.86002,0.31451,0.21625,0.74907,-0.30435,0.54728,-0.19704,0.13818,-0.23775,
1403715296062143488,-0.97564,-1.84764,0.28757,0.20338,0.75085,-0.29883,0.55278,-0.23906,0.15063,-0.28178,
1403715296162142464,-0.99978,-1.83450,0.25729,0.18904,0.75748,-0.29685,0.54989,-0.26268,0.14650,-0.29389,
1403715296262142464,-1.02665,-1.82337,0.22466,0.17807,0.76671,-0.29150,0.54359,-0.28864,0.11692,-0.30703,
1403715296362143488,-1.05479,-1.81656,0.19499,0.16740,0.78009,-0.28348,0.53208,-0.30120,0.06593,-0.22505,
1403715296462142464,-1.08171,-1.81559,0.17661,0.15649,0.78720,-0.27411,0.52982,-0.27882,0.00096,-0.12180,
1403715296562143488,-1.10819,-1.82173,0.16727,0.14872,0.79084,-0.26567,0.53092,-0.27764,-0.07805,-0.02610,
1403715296662142464,-1.13363,-1.83557,0.16867,0.15085,0.79143,-0.25374,0.53526,-0.26149,-0.14473,0.02437,
1403715296762142464,-1.15644,-1.85528,0.17218,0.15206,0.79034,-0.24588,0.54017,-0.23513,-0.20563,0.02705,
1403715296862143488,-1.17820,-1.87632,0.17506,0.15664,0.78991,-0.23498,0.54433,-0.21332,-0.22542,0.02360,
1403715296962142464,-1.19779,-1.89833,0.17647,0.15805,0.79036,-0.22110,0.54907,-0.18826,-0.21193,-0.00101,
1403715297062143488,-1.21651,-1.91724,0.17477,0.14324,0.79594,-0.21105,0.54903,-0.19278,-0.17880,-0.03030,
1403715297162142464,-1.23387,-1.93573,0.16985,0.12199,0.80523,-0.20027,0.54466,-0.15650,-0.19652,-0.07854,
1403715297262142464,-1.24697,-1.95621,0.16242,0.10058,0.81531,-0.18562,0.53921,-0.10780,-0.23561,-0.08050,
1403715297362143488,-1.25551,-1.98230,0.15336,0.08056,0.82203,-0.16427,0.53929,-0.06535,-0.29774,-0.09577,
1403715297462142464,-1.26016,-2.01541,0.14393,0.06953,0.82536,-0.14030,0.54249,-0.01636,-0.36956,-0.07095,
1403715297562143488,-1.25992,-2.05525,0.13520,0.05920,0.82755,-0.11926,0.54540,0.03433,-0.42333,-0.07995,
1403715297662142464,-1.25631,-2.09942,0.12436,0.04387,0.83200,-0.10520,0.54296,0.07571,-0.45913,-0.09283,
1403715297762142464,-1.24622,-2.14761,0.11453,0.02776,0.83360,-0.09476,0.54349,0.13812,-0.50272,-0.07098,
1403715297862143488,-1.22915,-2.20119,0.10878,0.01506,0.82706,-0.07989,0.55623,0.19546,-0.55800,-0.01577,
1403715297962142464,-1.20630,-2.25919,0.10697,0.00421,0.81580,-0.06343,0.57487,0.22641,-0.60560,0.00967,
1403715298062143488,-1.18444,-2.32079,0.10577,-0.00389,0.80431,-0.04051,0.59287,0.18452,-0.63183,0.00180,
1403715298162142464,-1.16715,-2.38511,0.10382,-0.00177,0.80007,-0.00830,0.59989,0.12777,-0.65020,-0.03163,
1403715298262142464,-1.15623,-2.44885,0.10057,0.00346,0.80119,0.02503,0.59793,0.06988,-0.62245,-0.01755,
1403715298362143488,-1.15116,-2.50743,0.09806,0.00361,0.80445,0.05152,0.59180,0.01667,-0.55036,-0.00260,
1403715298462142464,-1.15089,-2.55833,0.09859,0.00250,0.80917,0.06644,0.58382,-0.02150,-0.47569,0.01436,
1403715298562143488,-1.15209,-2.59830,0.10216,0.00762,0.81082,0.07858,0.57995,-0.02020,-0.36894,0.05948,
1403715298662142464,-1.15431,-2.62628,0.10765,0.01598,0.81015,0.08818,0.57934,-0.03192,-0.23442,0.07174,
1403715298762142464,-1.15996,-2.64009,0.11546,0.02135,0.80912,0.09166,0.58006,-0.05734,-0.08510,0.10091,
1403715298862143488,-1.16995,-2.63696,0.12364,0.01023,0.81500,0.08169,0.57360,-0.09288,0.06028,0.07746,
1403715298962142464,-1.18015,-2.62087,0.13064,-0.01722,0.82488,0.06567,0.56128,-0.08785,0.16635,0.07100,
1403715299062143488,-1.18700,-2.59802,0.13783,-0.03765,0.83067,0.06222,0.55202,-0.04546,0.22088,0.08203,
1403715299162142464,-1.18834,-2.57192,0.14586,-0.05216,0.83231,0.06827,0.54763,0.01867,0.24805,0.08999,
1403715299262142464,-1.18297,-2.54556,0.15375,-0.06404,0.83259,0.07901,0.54449,0.08210,0.26286,0.07974,
1403715299362143488,-1.17092,-2.51901,0.16155,-0.07819,0.83110,0.09422,0.54250,0.15650,0.26643,0.09261,
1403715299462142464,-1.15183,-2.49306,0.17013,-0.09260,0.82796,0.11153,0.54176,0.23157,0.25957,0.09443,
1403715299562143488,-1.12639,-2.46793,0.17892,-0.10829,0.82189,0.13157,0.54360,0.28746,0.25676,0.08726,
1403715299662142464,-1.09650,-2.44259,0.18603,-0.12439,0.81469,0.15364,0.54520,0.31671,0.25596,0.05605,
1403715299762142464,-1.06292,-2.41783,0.19077,-0.14068,0.80825,0.17558,0.54420,0.35232,0.24574,0.04094,
1403715299862143488,-1.02578,-2.39420,0.19356,-0.16040,0.80042,0.20077,0.54162,0.37845,0.21940,0.00834,
1403715299962142464,-0.98682,-2.37114,0.19624,-0.17694,0.79141,0.22641,0.53959,0.40195,0.21390,0.00196,
1403715300062143488,-0.94527,-2.34961,0.19934,-0.19040,0.78133,0.24833,0.54005,0.42670,0.20093,0.00816,
1403715300162142464,-0.90196,-2.33121,0.20282,-0.19776,0.76993,0.26564,0.54549,0.43589,0.16537,0.01043,
1403715300262142464,-0.85871,-2.31562,0.20584,-0.19734,0.75968,0.28038,0.55259,0.41853,0.15389,0.01732,
1403715300362143488,-0.81939,-2.30172,0.20864,-0.20633,0.75321,0.28367,0.55646,0.37731,0.14102,0.01807,
1403715300462142464,-0.78408,-2.29003,0.21199,-0.21554,0.75118,0.28145,0.55684,0.33535,0.10338,0.02526,
1403715300562143488,-0.75488,-2.28335,0.21510,-0.21851,0.75160,0.27985,0.55590,0.28960,0.05315,0.01087,
1403715300662142464,-0.73070,-2.28149,0.21750,-0.21905,0.75375,0.27760,0.55391,0.24831,0.01035,0.01570,
1403715300762142464,-0.70911,-2.28328,0.21982,-0.21889,0.75564,0.27420,0.55309,0.21022,-0.04300,0.01959,
1403715300862143488,-0.69059,-2.28990,0.22239,-0.21371,0.75493,0.27350,0.55642,0.17688,-0.08693,0.01268,
1403715300962142464,-0.67847,-2.30150,0.22469,-0.20555,0.75398,0.27517,0.55995,0.12789,-0.12301,0.00148,
1403715301062143488,-0.66674,-2.31441,0.22544,-0.19909,0.75259,0.27581,0.56383,0.07983,-0.14427,-0.00685,
1403715301162142464,-0.66057,-2.32936,0.22566,-0.19278,0.74893,0.27648,0.57054,0.01925,-0.15386,-0.00993,
1403715301262142464,-0.66168,-2.34559,0.22476,-0.18635,0.74557,0.27835,0.57613,-0.05660,-0.16293,-0.02796,
1403715301362143488,-0.67090,-2.36221,0.22219,-0.18339,0.74343,0.27967,0.57920,-0.15417,-0.16632,-0.05206,
1403715301462142464,-0.68985,-2.37887,0.21604,-0.18757,0.74658,0.27719,0.57498,-0.23925,-0.16728,-0.08726,
1403715301562143488,-0.71682,-2.39667,0.20650,-0.19320,0.75654,0.27361,0.56167,-0.29759,-0.17646,-0.11735,
1403715301662142464,-0.74866,-2.41492,0.19375,-0.19634,0.76617,0.26999,0.54915,-0.32382,-0.18370,-0.12513,
1403715301762142464,-0.78167,-2.43538,0.18016,-0.19428,0.76993,0.26868,0.54523,-0.32718,-0.20545,-0.13940,
1403715301862143488,-0.81495,-2.45568,0.16696,-0.18635,0.76790,0.27128,0.54956,-0.33444,-0.19708,-0.13236,
1403715301962142464,-0.84995,-2.47443,0.15477,-0.18222,0.76835,0.27105,0.55043,-0.35468,-0.18654,-0.11245,
1403715302062143488,-0.88722,-2.49149,0.14521,-0.17749,0.76801,0.27114,0.55241,-0.38316,-0.16804,-0.08968,
1403715302162142464,-0.92790,-2.50617,0.13799,-0.17203,0.77089,0.27163,0.54987,-0.41711,-0.14540,-0.07144,
1403715302262142464,-0.97046,-2.51844,0.13192,-0.16686,0.77474,0.27112,0.54628,-0.42849,-0.09729,-0.04724,
1403715302362143488,-1.01416,-2.52556,0.12997,-0.16067,0.77714,0.27027,0.54515,-0.43891,-0.04400,-0.01120,
1403715302462142464,-1.05972,-2.52776,0.13009,-0.15983,0.77822,0.26596,0.54597,-0.45869,0.01074,0.00763,
1403715302562143488,-1.10669,-2.52561,0.13105,-0.16712,0.78248,0.25627,0.54234,-0.46262,0.05314,0.01892,
1403715302662142464,-1.15472,-2.52152,0.13199,-0.17108,0.78608,0.24978,0.53892,-0.46051,0.06561,0.01045,
1403715302762142464,-1.20066,-2.51584,0.13049,-0.17457,0.78966,0.24495,0.53477,-0.43398,0.08009,-0.03034,
1403715302862143488,-1.24269,-2.50860,0.12488,-0.17454,0.79501,0.24374,0.52735,-0.38266,0.09654,-0.08108,
1403715302962142464,-1.28002,-2.49847,0.11781,-0.17721,0.79750,0.24796,0.52069,-0.32984,0.12628,-0.06559,
1403715303062143488,-1.31088,-2.48541,0.11127,-0.18214,0.79689,0.25923,0.51440,-0.26844,0.15429,-0.07297,
1403715303162142464,-1.33486,-2.46915,0.10450,-0.19047,0.79203,0.27704,0.50959,-0.20288,0.19890,-0.06897,
1403715303262142464,-1.35503,-2.44813,0.09972,-0.20359,0.78050,0.29749,0.51080,-0.15430,0.24225,-0.02170,
1403715303362143488,-1.36952,-2.42387,0.09663,-0.21823,0.76258,0.32427,0.51553,-0.13363,0.26330,-0.01896,
1403715303462142464,-1.38419,-2.39642,0.09380,-0.23134,0.74663,0.34984,0.51643,-0.12728,0.28903,-0.00822,
1403715303562143488,-1.39945,-2.36649,0.09079,-0.24495,0.73272,0.37399,0.51313,-0.15095,0.29841,-0.01913,
1403715303662142464,-1.41576,-2.33498,0.08830,-0.26652,0.72037,0.39230,0.50615,-0.16354,0.31768,-0.00954,
1403715303762142464,-1.43367,-2.30245,0.08625,-0.28757,0.70882,0.40840,0.49813,-0.18477,0.31329,-0.01030,
1403715303862143488,-1.45194,-2.27146,0.08379,-0.30902,0.69478,0.42501,0.49112,-0.19246,0.29390,-0.02042,
1403715303962142464,-1.47037,-2.24233,0.08118,-0.32424,0.68410,0.43679,0.48592,-0.18472,0.26867,-0.02587,
1403715304062143488,-1.48761,-2.21624,0.07692,-0.33381,0.67737,0.44489,0.48149,-0.17406,0.23136,-0.04119,
1403715304162142464,-1.50398,-2.19419,0.07206,-0.34147,0.67348,0.44801,0.47866,-0.15755,0.18370,-0.04295,
1403715304262142464,-1.51929,-2.17694,0.06560,-0.34331,0.67334,0.45052,0.47517,-0.14381,0.14458,-0.06835,
1403715304362143488,-1.53325,-2.16416,0.05805,-0.34210,0.67559,0.45199,0.47145,-0.12887,0.11081,-0.08682,
1403715304462142464,-1.54548,-2.15547,0.04899,-0.33847,0.67806,0.45202,0.47048,-0.10390,0.07078,-0.10570,
1403715304562143488,-1.55583,-2.14972,0.03428,-0.33211,0.67779,0.45214,0.47526,-0.09270,0.05328,-0.20572,
1403715304662142464,-1.56504,-2.14715,0.01006,-0.32821,0.67819,0.45012,0.47931,-0.09657,0.02604,-0.27040,
1403715305562143488,-1.67230,-2.15842,0.01501,-0.32126,0.68474,0.45315,0.47179,-0.11582,-0.00803,0.22864,
1403715305662142464,-1.68235,-2.15915,0.04604,-0.32411,0.68205,0.45663,0.47037,-0.10804,-0.00207,0.36326,
1403715305762142464,-1.69161,-2.16063,0.08724,-0.32881,0.68104,0.45783,0.46740,-0.09248,-0.00858,0.40898,
1403715305862143488,-1.69773,-2.16236,0.12792,-0.33023,0.68008,0.46020,0.46546,-0.06628,-0.01210,0.38445,
1403715305962142464,-1.70197,-2.16372,0.16522,-0.32934,0.67982,0.46231,0.46439,-0.04515,-0.00317,0.35447,
1403715306062143488,-1.70509,-2.16413,0.19839,-0.32757,0.68027,0.46388,0.46341,-0.02512,-0.00617,0.30076,
1403715306162142464,-1.70727,-2.16391,0.22757,-0.32954,0.68321,0.46225,0.45930,-0.00628,0.00803,0.27878,
1403715306262142464,-1.70692,-2.16380,0.25605,-0.33775,0.68585,0.45310,0.45852,0.03144,0.00082,0.26230,
1403715306362143488,-1.70162,-2.16489,0.28203,-0.34707,0.68942,0.43702,0.46182,0.08330,-0.01982,0.25854,
1403715306462142464,-1.69105,-2.17042,0.30910,-0.35048,0.69239,0.42002,0.47050,0.15379,-0.07944,0.25277,
1403715306562143488,-1.67336,-2.18184,0.33526,-0.34399,0.69645,0.40488,0.48241,0.21608,-0.15087,0.24912,
1403715306662142464,-1.64916,-2.20048,0.36177,-0.33322,0.70014,0.38786,0.49837,0.26670,-0.23302,0.26005,
1403715306762142464,-1.62210,-2.22892,0.38766,-0.31461,0.70369,0.37450,0.51540,0.27664,-0.33356,0.24832,
1403715306862143488,-1.59579,-2.26723,0.41298,-0.29390,0.70533,0.35666,0.53757,0.25406,-0.42098,0.22830,
1403715306962142464,-1.57299,-2.31328,0.43452,-0.26544,0.70894,0.34360,0.55584,0.20631,-0.48769,0.20192,
1403715307062143488,-1.55709,-2.36535,0.44903,-0.23188,0.71548,0.33281,0.56888,0.11492,-0.54792,0.08638,
1403715307162142464,-1.55042,-2.42123,0.44838,-0.20125,0.72906,0.32059,0.57031,0.01740,-0.56385,-0.08150,
1403715307262142464,-1.55266,-2.47632,0.43581,-0.17447,0.74225,0.30812,0.56899,-0.07773,-0.53516,-0.18937,
1403715307362143488,-1.56288,-2.52809,0.41422,-0.15444,0.75775,0.28912,0.56429,-0.15924,-0.47875,-0.26073,
1403715307462142464,-1.58013,-2.57337,0.38952,-0.14920,0.77503,0.26307,0.55491,-0.22065,-0.41072,-0.25598,
1403715307562143488,-1.60077,-2.61323,0.36481,-0.14528,0.78834,0.23781,0.54855,-0.22842,-0.35682,-0.24905,
1403715307662142464,-1.62223,-2.64797,0.34125,-0.13875,0.79812,0.21421,0.54581,-0.21063,-0.32921,-0.24102,
1403715307762142464,-1.64227,-2.68084,0.31623,-0.12580,0.80553,0.19427,0.54552,-0.18420,-0.31541,-0.25766,
1403715307862143488,-1.65978,-2.71089,0.29010,-0.10784,0.81173,0.17281,0.54739,-0.15840,-0.28880,-0.26505,
1403715307962142464,-1.67466,-2.73762,0.26374,-0.08973,0.81619,0.15332,0.54983,-0.12562,-0.24828,-0.26131,
1403715308062143488,-1.68613,-2.76100,0.23764,-0.07263,0.81925,0.13305,0.55308,-0.09388,-0.20848,-0.25274,
1403715308162142464,-1.69509,-2.78036,0.21244,-0.05727,0.82178,0.11406,0.55536,-0.05969,-0.16218,-0.23960,
1403715308262142464,-1.70080,-2.79525,0.18753,-0.04552,0.82336,0.09839,0.55710,-0.03960,-0.11833,-0.24881,
1403715308362143488,-1.70439,-2.80609,0.16271,-0.03374,0.82445,0.08226,0.55892,-0.01543,-0.06575,-0.24226,
1403715308462142464,-1.70654,-2.81289,0.13789,-0.02925,0.82558,0.06827,0.55939,0.00029,-0.01870,-0.24096,
1403715308562143488,-1.70561,-2.81484,0.11657,-0.03113,0.82612,0.05698,0.55975,0.03032,0.02124,-0.16516,
1403715308662142464,-1.70033,-2.81370,0.10574,-0.03401,0.82652,0.05017,0.55963,0.07519,0.02511,-0.05746,
1403715308762142464,-1.69013,-2.81192,0.10650,-0.03621,0.82740,0.04688,0.55849,0.11127,0.02275,0.04552,
1403715308862143488,-1.67600,-2.81094,0.11617,-0.03854,0.82906,0.04570,0.55596,0.15328,0.01181,0.09290,
1403715308962142464,-1.65725,-2.81052,0.12739,-0.04340,0.82928,0.04509,0.55533,0.20199,0.00112,0.09351,
1403715309062143488,-1.63344,-2.81106,0.13839,-0.05082,0.82652,0.04526,0.55878,0.24504,-0.01787,0.08971,
1403715309162142464,-1.60708,-2.81416,0.14761,-0.05958,0.82356,0.04616,0.56221,0.26541,-0.04243,0.07193,
1403715309262142464,-1.57852,-2.82073,0.15767,-0.07004,0.81586,0.04615,0.57215,0.28221,-0.08771,0.09809,
1403715309362143488,-1.55029,-2.83250,0.16660,-0.07400,0.80920,0.05208,0.58053,0.27111,-0.14370,0.06583,
1403715309462142464,-1.52440,-2.84923,0.17350,-0.06840,0.80919,0.06341,0.58010,0.24682,-0.18898,0.07174,
1403715309562143488,-1.50119,-2.86889,0.18044,-0.06345,0.80955,0.07337,0.57899,0.22296,-0.20203,0.08785,
1403715309662142464,-1.48070,-2.88905,0.18829,-0.06224,0.80966,0.07972,0.57811,0.19054,-0.20341,0.07040,
1403715309762142464,-1.46235,-2.90899,0.19431,-0.06512,0.81069,0.08239,0.57598,0.15051,-0.19690,0.08285,
1403715309862143488,-1.44627,-2.92956,0.20145,-0.07421,0.81284,0.08058,0.57210,0.13971,-0.20686,0.06650,
1403715309962142464,-1.42997,-2.95135,0.20623,-0.08511,0.81401,0.07643,0.56949,0.13342,-0.23815,0.03509,
1403715310062143488,-1.41272,-2.97672,0.20990,-0.09166,0.80908,0.07288,0.57592,0.16275,-0.27919,0.02482,
1403715310162142464,-1.39303,-3.00838,0.21102,-0.08963,0.80250,0.06814,0.58594,0.14763,-0.34614,0.01610,
1403715310262142464,-1.37768,-3.04651,0.21403,-0.07704,0.79873,0.06508,0.59319,0.11498,-0.41350,0.02978,
1403715310362143488,-1.36856,-3.08967,0.21889,-0.05665,0.79692,0.06066,0.59837,0.04585,-0.43935,0.05722,
1403715310462142464,-1.36639,-3.13430,0.22449,-0.03985,0.79909,0.05016,0.59781,-0.01605,-0.43681,0.03929,
1403715310562143488,-1.36983,-3.17799,0.22923,-0.02658,0.80536,0.03942,0.59089,-0.06543,-0.41881,0.04470,
1403715310662142464,-1.37687,-3.21973,0.23449,-0.01675,0.81323,0.03093,0.58089,-0.09133,-0.39474,0.05117,
1403715310762142464,-1.38576,-3.25835,0.23956,-0.01097,0.81853,0.02447,0.57384,-0.09077,-0.36178,0.06121,
1403715310862143488,-1.39396,-3.29406,0.24450,-0.00834,0.82077,0.01863,0.57090,-0.08564,-0.33850,0.06084,
1403715310962142464,-1.40114,-3.32702,0.24976,-0.00766,0.82185,0.01336,0.56950,-0.07737,-0.31870,0.07146,
1403715311062143488,-1.40798,-3.35966,0.25186,-0.01174,0.82436,0.00535,0.56593,-0.06601,-0.30702,0.04404,
1403715311162142464,-1.41238,-3.39107,0.25244,-0.01544,0.82612,-0.00099,0.56328,-0.03707,-0.30654,0.02718,
1403715311262142464,-1.41421,-3.42355,0.25379,-0.01907,0.82671,-0.00637,0.56227,-0.00444,-0.32575,0.02403,
1403715311362143488,-1.41066,-3.45761,0.25349,-0.02192,0.82797,-0.01045,0.56025,0.03634,-0.35082,0.04143,
1403715311462142464,-1.40450,-3.49510,0.25819,-0.01647,0.82915,-0.00843,0.55873,0.07451,-0.38500,0.06442,
1403715311562143488,-1.39311,-3.53517,0.26198,-0.00781,0.82936,-0.00436,0.55865,0.11254,-0.40206,0.06822,
1403715311662142464,-1.37879,-3.57595,0.26719,-0.00257,0.82852,-0.00253,0.55995,0.14437,-0.40449,0.06778,
1403715311762142464,-1.36133,-3.61591,0.27131,-0.00353,0.82762,-0.00478,0.56126,0.17630,-0.39872,0.05630,
1403715311862143488,-1.34029,-3.65551,0.27576,-0.00635,0.82653,-0.01010,0.56277,0.21354,-0.39885,0.06276,
1403715311962142464,-1.31680,-3.69652,0.28068,-0.00381,0.82560,-0.01246,0.56410,0.24596,-0.40364,0.06122,
1403715312062143488,-1.28966,-3.73735,0.28456,0.00380,0.82600,-0.01147,0.56354,0.28152,-0.40581,0.05075,
1403715312162142464,-1.26065,-3.77719,0.28894,0.00961,0.82490,-0.01138,0.56508,0.29210,-0.39109,0.04881,
1403715312262142464,-1.22992,-3.81653,0.29363,0.01278,0.82474,-0.01287,0.56523,0.31048,-0.37976,0.05466,
1403715312362143488,-1.19771,-3.85527,0.29738,0.01053,0.82466,-0.01796,0.56525,0.31867,-0.37087,0.03470,
1403715312462142464,-1.16462,-3.89125,0.30043,0.00790,0.82375,-0.02232,0.56646,0.33700,-0.36725,0.02464,
1403715312562143488,-1.13006,-3.92770,0.30184,0.00820,0.82157,-0.02326,0.56958,0.34845,-0.37434,-0.00131,
1403715312662142464,-1.09516,-3.96471,0.30116,0.01264,0.81708,-0.01956,0.57606,0.34521,-0.37066,-0.02286,
1403715312762142464,-1.06084,-4.00170,0.29759,0.01610,0.81273,-0.01495,0.58223,0.33354,-0.35876,-0.05463,
1403715312862143488,-1.02848,-4.03677,0.29290,0.02024,0.80791,-0.00683,0.58893,0.30092,-0.32544,-0.03443,
1403715312962142464,-1.00125,-4.06606,0.29426,0.02045,0.80285,0.00032,0.59584,0.24632,-0.27861,0.06399,
1403715313062143488,-0.98074,-4.09067,0.30592,0.02007,0.80072,0.00692,0.59867,0.17629,-0.22868,0.15293,
1403715313162142464,-0.96708,-4.11044,0.32620,0.01860,0.80151,0.01223,0.59757,0.11196,-0.17687,0.22022,
1403715313262142464,-0.95924,-4.12521,0.34822,0.01195,0.80405,0.01281,0.59431,0.04282,-0.12664,0.20029,
1403715313362143488,-0.95739,-4.13548,0.36766,0.00500,0.80872,0.01239,0.58805,0.00136,-0.09643,0.17973,
1403715313462142464,-0.95706,-4.14526,0.38453,0.00261,0.81308,0.01116,0.58205,-0.03306,-0.09333,0.16401,
1403715313562143488,-0.95883,-4.15430,0.40286,0.00717,0.81491,0.00708,0.57950,-0.04945,-0.08411,0.18176,
1403715313662142464,-0.96316,-4.16052,0.42156,0.01561,0.81619,0.00356,0.57756,-0.06105,-0.06140,0.19889,
1403715313762142464,-0.96883,-4.16425,0.44172,0.01991,0.81681,-0.00046,0.57657,-0.06578,-0.02557,0.22290,
1403715313862143488,-0.96887,-4.16231,0.46256,0.02233,0.81688,-0.00521,0.57635,-0.06166,0.01662,0.22805,
1403715313962142464,-0.97514,-4.15910,0.48375,0.01910,0.81662,-0.01161,0.57674,-0.06526,0.04929,0.20782,
1403715314062143488,-0.98026,-4.15324,0.49877,0.02122,0.81803,-0.01807,0.57451,-0.07563,0.04877,0.16641,
1403715314162142464,-0.98889,-4.14887,0.51360,0.03498,0.81868,-0.02800,0.57251,-0.08127,0.05040,0.13982,
1403715314262142464,-0.99841,-4.14316,0.52587,0.05208,0.81910,-0.04194,0.56976,-0.07885,0.06906,0.13078,
1403715314362143488,-1.00394,-4.13395,0.53152,0.06896,0.81954,-0.06098,0.56561,-0.06111,0.11162,0.09937,
1403715314462142464,-1.00819,-4.11983,0.53422,0.07971,0.81939,-0.07818,0.56228,-0.03633,0.16562,0.06969,
1403715314562143488,-1.00885,-4.10105,0.53532,0.08458,0.81904,-0.09337,0.55974,0.00374,0.20091,0.06669,
1403715314662142464,-1.00818,-4.08014,0.53464,0.08657,0.81749,-0.10502,0.55963,0.01443,0.22805,0.03337,
1403715314762142464,-1.00687,-4.05729,0.53157,0.08959,0.81613,-0.11123,0.55994,0.03017,0.24778,0.01803,
1403715314862143488,-1.00376,-4.03193,0.53168,0.09350,0.81385,-0.11403,0.56206,0.03873,0.26550,0.01703,
1403715314962142464,-0.99944,-4.00512,0.53071,0.09408,0.81231,-0.11611,0.56376,0.05200,0.29462,0.01070,
1403715315062143488,-0.99273,-3.97606,0.52986,0.09115,0.80982,-0.11847,0.56732,0.07352,0.31042,-0.01327,
1403715315162142464,-0.98384,-3.94623,0.52508,0.08891,0.80976,-0.11946,0.56755,0.08160,0.31477,-0.03143,
1403715315262142464,-0.97667,-3.91443,0.52483,0.08770,0.81020,-0.11976,0.56705,0.07340,0.31529,-0.01840,
1403715315362143488,-0.97059,-3.88184,0.52441,0.09110,0.80951,-0.12450,0.56647,0.07216,0.31177,0.00623,
1403715315462142464,-0.96427,-3.84954,0.52512,0.09593,0.80795,-0.13486,0.56555,0.06562,0.31447,0.00960,
1403715315562143488,-0.95817,-3.81788,0.52656,0.10181,0.80506,-0.14768,0.56543,0.05694,0.30697,0.03793,
1403715315662142464,-0.95429,-3.78683,0.52878,0.10871,0.80166,-0.16187,0.56510,0.04141,0.29931,0.04450,
1403715315762142464,-0.95178,-3.75672,0.53042,0.11014,0.79624,-0.18175,0.56645,0.02024,0.28982,0.03340,
1403715315862143488,-0.95114,-3.72955,0.53171,0.11502,0.79128,-0.20420,0.56478,0.00203,0.24338,0.02385,
1403715315962142464,-0.95362,-3.70512,0.53146,0.12754,0.78714,-0.22193,0.56118,-0.03193,0.21809,0.00676,
1403715316062143488,-0.96020,-3.68461,0.52773,0.14414,0.78344,-0.23773,0.55584,-0.06400,0.18886,-0.03761,
1403715316162142464,-0.96824,-3.66744,0.51978,0.16439,0.78048,-0.25162,0.54822,-0.07767,0.15668,-0.08793,
1403715316262142464,-0.97727,-3.65045,0.50868,0.18431,0.77956,-0.26563,0.53647,-0.08549,0.13813,-0.10547,
1403715316362143488,-0.98497,-3.63346,0.49581,0.20412,0.78115,-0.28232,0.51816,-0.05312,0.14238,-0.14236,
1403715316462142464,-0.98801,-3.61733,0.48029,0.21848,0.78142,-0.29528,0.50447,0.01426,0.15465,-0.14679,
1403715316562143488,-0.98303,-3.60032,0.46383,0.22623,0.77686,-0.30676,0.50122,0.09346,0.15598,-0.15501,
1403715316662142464,-0.96996,-3.58355,0.44734,0.23096,0.76913,-0.31541,0.50559,0.16248,0.15659,-0.16393,
1403715316762142464,-0.95122,-3.56794,0.43023,0.23561,0.76107,-0.32400,0.51018,0.20592,0.15204,-0.18558,
1403715316862143488,-0.92934,-3.55373,0.41053,0.24355,0.75245,-0.33525,0.51197,0.23363,0.14841,-0.20129,
1403715316962142464,-0.90532,-3.53870,0.39052,0.25493,0.74204,-0.34871,0.51265,0.24669,0.14885,-0.18736,
1403715317062143488,-0.88084,-3.52314,0.37030,0.26634,0.72971,-0.36654,0.51212,0.24761,0.17282,-0.20367,
1403715317162142464,-0.85664,-3.50484,0.35019,0.27749,0.72024,-0.38797,0.50376,0.24226,0.18519,-0.19126,
1403715317262142464,-0.83237,-3.48618,0.33190,0.29032,0.71104,-0.40828,0.49345,0.24718,0.19240,-0.17813,
1403715317362143488,-0.80731,-3.46764,0.31489,0.30437,0.69832,-0.43173,0.48307,0.25041,0.20543,-0.16418,
1403715317462142464,-0.78146,-3.44812,0.29937,0.31533,0.68377,-0.45521,0.47525,0.25706,0.21040,-0.14385,
1403715317562143488,-0.75466,-3.42951,0.28492,0.32787,0.66917,-0.47610,0.46700,0.25583,0.19747,-0.13627,
1403715317662142464,-0.72727,-3.41227,0.27133,0.33911,0.65360,-0.49612,0.46012,0.25539,0.18661,-0.12564,
1403715317762142464,-0.70148,-3.39692,0.25925,0.34798,0.63853,-0.51506,0.45381,0.24486,0.17557,-0.11942,
1403715317862143488,-0.67758,-3.38223,0.24748,0.35080,0.61892,-0.53948,0.45042,0.21570,0.15702,-0.11537,
1403715317962142464,-0.65705,-3.36894,0.23687,0.35829,0.60366,-0.55753,0.44319,0.16298,0.14756,-0.10731,
1403715318062143488,-0.64214,-3.35675,0.22642,0.36594,0.59015,-0.57203,0.43660,0.12514,0.13129,-0.11240,
1403715318162142464,-0.63212,-3.34569,0.21637,0.37128,0.57981,-0.58232,0.43232,0.07058,0.10664,-0.10665,
1403715318262142464,-0.62853,-3.33616,0.20583,-0.37602,-0.57439,0.58832,-0.42729,0.01150,0.09230,-0.11217,
1403715318362143488,-0.63091,-3.32727,0.19461,-0.38199,-0.57008,0.59340,-0.42068,-0.05217,0.07813,-0.11146,
1403715318462142464,-0.63934,-3.31886,0.18337,-0.39176,-0.56832,0.59682,-0.40910,-0.11118,0.07902,-0.11420,
1403715318562143488,-0.65170,-3.31096,0.17137,-0.40151,-0.56748,0.60172,-0.39334,-0.13827,0.06799,-0.13601,
1403715318662142464,-0.66556,-3.30492,0.15821,-0.40449,-0.56564,0.61274,-0.37550,-0.14274,0.04121,-0.14121,
1403715318762142464,-0.67947,-3.30362,0.14486,-0.40349,-0.56044,0.62688,-0.36076,-0.15308,-0.02629,-0.12828,
1403715318862143488,-0.69420,-3.31150,0.13305,-0.40873,-0.55065,0.63937,-0.34779,-0.15381,-0.11919,-0.10933,
1403715318962142464,-0.70883,-3.32887,0.12288,-0.41819,-0.53959,0.64641,-0.34079,-0.15411,-0.21923,-0.09361,
1403715319062143488,-0.72323,-3.35347,0.11337,-0.42981,-0.52645,0.65255,-0.33513,-0.15036,-0.28433,-0.09090,
1403715319162142464,-0.73706,-3.38354,0.10490,-0.44560,-0.51314,0.65611,-0.32813,-0.13700,-0.33699,-0.06867,
1403715319262142464,-0.74935,-3.41968,0.09718,-0.45765,-0.49953,0.66228,-0.32005,-0.11007,-0.38796,-0.06473,
1403715319362143488,-0.75885,-3.46022,0.09081,-0.46989,-0.48489,0.66991,-0.30878,-0.07868,-0.42364,-0.05880,
1403715319462142464,-0.76444,-3.50465,0.08485,-0.47879,-0.46849,0.67842,-0.30174,-0.03662,-0.44895,-0.06808,
1403715319562143488,-0.76722,-3.55074,0.07892,-0.48577,-0.45141,0.68809,-0.29466,-0.00539,-0.47272,-0.05862,
1403715319662142464,-0.76679,-3.59989,0.07831,-0.49123,-0.43816,0.69557,-0.28794,0.03996,-0.48810,0.02126,
1403715319762142464,-0.76265,-3.65175,0.08796,-0.49305,-0.43122,0.70015,-0.28415,0.07005,-0.52785,0.15561,
1403715319862143488,-0.75581,-3.70710,0.11000,-0.49363,-0.42700,0.70291,-0.28270,0.08375,-0.55535,0.28547,
1403715319962142464,-0.74601,-3.76431,0.14018,-0.49392,-0.42312,0.70588,-0.28062,0.10366,-0.56944,0.31441,
1403715320062143488,-0.73481,-3.82581,0.17031,-0.49721,-0.41666,0.70905,-0.27645,0.11628,-0.60243,0.29700,
1403715320162142464,-0.72185,-3.89018,0.19723,-0.50398,-0.40672,0.71315,-0.26833,0.14010,-0.61527,0.26495,
1403715320262142464,-0.70629,-3.95390,0.22298,0.51516,0.39010,-0.71747,0.26019,0.16954,-0.62089,0.25652,
1403715320362143488,-0.68780,-4.01699,0.24767,0.52803,0.36122,-0.72503,0.25511,0.19936,-0.61115,0.23092,
1403715320462142464,-0.66663,-4.07661,0.27034,0.53481,0.33061,-0.73771,0.24601,0.22928,-0.57278,0.22925,
1403715320562143488,-0.64274,-4.12849,0.29015,0.53860,0.29965,-0.75181,0.23444,0.24753,-0.52707,0.21737,
1403715320662142464,-0.61744,-4.17680,0.30957,0.54132,0.26743,-0.76472,0.22523,0.25497,-0.46670,0.20139,
1403715320762142464,-0.59139,-4.21837,0.32643,0.54287,0.23802,-0.77442,0.22130,0.26472,-0.40619,0.16919,
1403715320862143488,-0.56495,-4.25432,0.34164,0.54169,0.21255,-0.78286,0.22037,0.25153,-0.32123,0.13474,
1403715320962142464,-0.54119,-4.28254,0.35549,0.53789,0.19904,-0.79045,0.21509,0.20282,-0.22027,0.13190,
1403715321062143488,-0.52239,-4.30091,0.36840,0.53667,0.19423,-0.79503,0.20540,0.15302,-0.13514,0.12339,
1403715321162142464,-0.50861,-4.31139,0.37964,0.53718,0.19285,-0.79722,0.19673,0.09762,-0.06410,0.09719,
1403715321262142464,-0.49925,-4.31446,0.38857,0.53675,0.19326,-0.79891,0.19054,0.06006,0.00098,0.08235,
1403715321362143488,-0.49457,-4.31065,0.39653,0.53549,0.19268,-0.80008,0.18975,0.01372,0.06846,0.07357,
1403715321462142464,-0.49497,-4.29990,0.40433,0.53678,0.19220,-0.79893,0.19138,-0.03894,0.13303,0.07229,
1403715321562143488,-0.50043,-4.28283,0.41181,0.53604,0.19599,-0.79851,0.19140,-0.08444,0.18798,0.07038,
1403715321662142464,-0.51075,-4.25909,0.41990,0.53789,0.20128,-0.79652,0.18899,-0.14305,0.24140,0.08951,
1403715321762142464,-0.52655,-4.23075,0.42930,0.54463,0.19899,-0.79260,0.18861,-0.18239,0.29818,0.09915,
1403715321862143488,-0.54501,-4.19594,0.43899,0.55293,0.18761,-0.78823,0.19438,-0.20599,0.36498,0.11230,
1403715321962142464,-0.56505,-4.15182,0.44852,0.55829,0.17810,-0.78674,0.19401,-0.21417,0.47752,0.08002,
1403715322062143488,-0.58583,-4.09758,0.45591,0.55367,0.17068,-0.79336,0.18682,-0.22371,0.56627,0.09511,
1403715322162142464,-0.60852,-4.03502,0.46500,0.55029,0.17183,-0.79910,0.17064,-0.24706,0.64207,0.10389,
1403715322262142464,-0.63370,-3.96617,0.47421,0.55120,0.17520,-0.80171,0.15089,-0.26942,0.69333,0.09033,
1403715322362143488,-0.66056,-3.89510,0.48094,0.55000,0.17207,-0.80673,0.13076,-0.29041,0.71002,0.02971,
1403715322462142464,-0.68954,-3.82400,0.47703,0.54876,0.16294,-0.81219,0.11268,-0.29605,0.69656,-0.10104,
1403715322562143488,-0.71940,-3.75505,0.46126,0.54626,0.15261,-0.81745,0.10053,-0.30740,0.65780,-0.21722,
1403715322662142464,-0.75169,-3.69012,0.43914,0.54437,0.14595,-0.82091,0.09202,-0.34495,0.60523,-0.23681,
1403715322762142464,-0.78845,-3.63130,0.41631,0.54540,0.14150,-0.82145,0.08793,-0.39758,0.55015,-0.22816,
1403715322862143488,-0.83073,-3.57836,0.39733,0.54566,0.14001,-0.82194,0.08408,-0.44074,0.49800,-0.14470,
1403715322962142464,-0.87667,-3.53199,0.38975,0.54829,0.14042,-0.82047,0.08051,-0.47805,0.43985,-0.03196,
1403715323062143488,-0.92598,-3.49383,0.39354,0.54945,0.14145,-0.81965,0.07916,-0.50839,0.36648,0.08275,
1403715323162142464,-0.97864,-3.46397,0.40222,0.54980,0.14328,-0.81926,0.07747,-0.54392,0.29496,0.02910,
1403715323262142464,-1.03417,-3.44003,0.40102,0.55174,0.14578,-0.81773,0.07523,-0.56822,0.23154,-0.07795,
1403715323362143488,-1.09190,-3.42232,0.38966,0.55268,0.14636,-0.81696,0.07551,-0.59231,0.15940,-0.10841,
1403715323462142464,-1.15235,-3.41162,0.38284,0.55217,0.14636,-0.81731,0.07546,-0.62347,0.07290,-0.01902,
1403715323562143488,-1.21501,-3.40841,0.38636,0.55201,0.14573,-0.81753,0.07545,-0.63428,0.00313,0.11718,
1403715323662142464,-1.28042,-3.41136,0.40377,0.56645,0.14229,-0.80780,0.07971,-0.65409,-0.05428,0.20958,
1403715323762142464,-1.34473,-3.41851,0.42391,0.58494,0.13898,-0.79478,0.08298,-0.60556,-0.09168,0.20447,
1403715323862143488,-1.40174,-3.42954,0.44138,0.60150,0.13581,-0.78247,0.08667,-0.52391,-0.11569,0.18861,
1403715323962142464,-1.44855,-3.44370,0.45890,0.61820,0.13345,-0.76929,0.09078,-0.39858,-0.14425,0.20268,
1403715324062143488,-1.48340,-3.45852,0.47470,0.62628,0.13126,-0.76249,0.09573,-0.25006,-0.14324,0.14781,
1403715324162142464,-1.50423,-3.47262,0.48575,0.61842,0.12989,-0.76855,0.10013,-0.10799,-0.13665,0.11422,
1403715324262142464,-1.51488,-3.48715,0.49598,0.60941,0.12751,-0.77537,0.10571,-0.00424,-0.13398,0.10989,
1403715324362143488,-1.51359,-3.49962,0.50778,0.59815,0.12136,-0.78340,0.11742,0.07624,-0.10153,0.11666,
1403715324462142464,-1.50599,-3.50948,0.51793,0.57819,0.11765,-0.79766,0.12499,0.12526,-0.05038,0.10025,
1403715324562143488,-1.49476,-3.51370,0.52920,0.56217,0.11677,-0.80893,0.12639,0.10373,-0.00963,0.11467,
1403715324662142464,-1.48587,-3.51297,0.54251,0.55654,0.11803,-0.81308,0.12346,0.06405,0.03562,0.12468,
1403715324762142464,-1.47935,-3.50735,0.55626,0.55726,0.12070,-0.81291,0.11863,0.03318,0.07567,0.12474,
1403715324862143488,-1.47511,-3.49922,0.56888,0.56327,0.12944,-0.80912,0.10630,0.02200,0.08161,0.10973,
1403715324962142464,-1.47175,-3.49112,0.58020,0.57267,0.13506,-0.80239,0.09990,0.02633,0.06800,0.09378,
1403715325062143488,-1.46594,-3.48377,0.59003,0.58031,0.13673,-0.79662,0.09980,0.06094,0.05992,0.07445,
1403715325162142464,-1.45608,-3.47590,0.59800,0.58490,0.13699,-0.79283,0.10274,0.10751,0.06190,0.06163,
1403715325262142464,-1.44228,-3.46719,0.60411,0.58574,0.13736,-0.79179,0.10537,0.15996,0.06379,0.04025,
1403715325362143488,-1.42476,-3.45905,0.60698,0.58095,0.13793,-0.79485,0.10812,0.20292,0.08178,0.02787,
1403715325462142464,-1.40418,-3.44944,0.60902,0.57171,0.13708,-0.80113,0.11204,0.22109,0.09565,0.01314,
1403715325562143488,-1.38364,-3.44042,0.60866,0.56406,0.13434,-0.80632,0.11680,0.20793,0.09267,0.02358,
1403715325662142464,-1.36576,-3.42907,0.60903,0.55991,0.12663,-0.80888,0.12722,0.17890,0.12690,0.00084,
1403715325762142464,-1.35167,-3.41402,0.60847,0.55569,0.12202,-0.81160,0.13278,0.13837,0.18789,0.00662,
1403715325862143488,-1.33906,-3.39319,0.60824,0.55240,0.12183,-0.81409,0.13142,0.10886,0.23764,-0.00912,
1403715325962142464,-1.33175,-3.36825,0.60560,0.55050,0.12328,-0.81579,0.12745,0.06773,0.28503,-0.01983,
1403715326062143488,-1.32772,-3.33836,0.60295,0.55243,0.12604,-0.81516,0.12023,0.01700,0.31896,-0.04281,
1403715326162142464,-1.32804,-3.30640,0.59717,0.55699,0.13104,-0.81284,0.10907,-0.01522,0.33556,-0.06823,
1403715326262142464,-1.33129,-3.27349,0.58938,0.56196,0.13456,-0.80993,0.10062,-0.03595,0.32411,-0.09133,
1403715326362143488,-1.33489,-3.24155,0.58143,0.57211,0.13494,-0.80324,0.09639,-0.03061,0.30339,-0.08064,
1403715326462142464,-1.33886,-3.21233,0.57437,0.58273,0.13237,-0.79598,0.09657,-0.02806,0.27520,-0.06964,
1403715326562143488,-1.33907,-3.18358,0.56620,0.59065,0.13048,-0.79048,0.09620,0.04620,0.27780,-0.09418,
1403715326662142464,-1.33299,-3.15408,0.55707,0.59441,0.12944,-0.78800,0.09482,0.09987,0.28797,-0.07499,
1403715326762142464,-1.32185,-3.12384,0.54645,0.59106,0.12694,-0.79087,0.09517,0.14714,0.28427,-0.11020,
1403715326862143488,-1.30449,-3.09469,0.53402,0.58107,0.12207,-0.79859,0.09857,0.20187,0.28553,-0.11489,
1403715326962142464,-1.28455,-3.06345,0.52113,0.57255,0.11797,-0.80509,0.10052,0.22222,0.30177,-0.11468,
1403715327062143488,-1.26347,-3.03093,0.51049,0.56720,0.11251,-0.80903,0.10537,0.21950,0.32329,-0.10376,
1403715327162142464,-1.24410,-2.99625,0.50093,0.56220,0.10878,-0.81262,0.10839,0.19753,0.35672,-0.10819,
1403715327262142464,-1.22728,-2.95835,0.49199,0.55761,0.10578,-0.81591,0.11035,0.16357,0.39761,-0.08474,
1403715327362143488,-1.21469,-2.91704,0.48538,0.55401,0.10216,-0.81853,0.11245,0.11103,0.43411,-0.07706,
1403715327462142464,-1.20631,-2.87189,0.47831,0.55169,0.10094,-0.82011,0.11339,0.06362,0.46842,-0.08488,
1403715327562143488,-1.20299,-2.82237,0.47172,0.55135,0.10657,-0.81966,0.11320,0.00861,0.51805,-0.07733,
1403715327662142464,-1.20425,-2.76858,0.46485,0.55166,0.11938,-0.81794,0.11140,-0.03776,0.53772,-0.07564,
1403715327762142464,-1.20898,-2.71440,0.45724,0.55116,0.13488,-0.81546,0.11432,-0.06837,0.53522,-0.08141,
1403715327862143488,-1.21620,-2.65983,0.44892,0.54874,0.15425,-0.81245,0.12265,-0.09150,0.52920,-0.09361,
1403715327962142464,-1.22717,-2.60749,0.43991,0.54912,0.17417,-0.80669,0.13196,-0.12836,0.51170,-0.09715,
1403715328062143488,-1.24019,-2.55436,0.43121,0.55189,0.18978,-0.80017,0.13837,-0.15356,0.51125,-0.09110,
1403715328162142464,-1.25481,-2.50224,0.42457,0.55780,0.19948,-0.79308,0.14176,-0.16292,0.49797,-0.05826,
1403715328262142464,-1.26940,-2.45310,0.41990,0.56528,0.20445,-0.78642,0.14214,-0.13658,0.48369,-0.04460,
1403715328362143488,-1.27924,-2.40362,0.41669,0.57213,0.20572,-0.78168,0.13904,-0.08891,0.46728,-0.03638,
1403715328462142464,-1.28341,-2.35585,0.41383,0.57582,0.20400,-0.78017,0.13476,-0.02337,0.44789,-0.03497,
1403715328562143488,-1.28196,-2.31209,0.41074,0.57363,0.20137,-0.78310,0.13100,0.03705,0.42434,-0.05681,
1403715328662142464,-1.27539,-2.27092,0.40610,0.56501,0.20406,-0.78905,0.12855,0.08373,0.37192,-0.05675,
1403715328762142464,-1.26468,-2.23555,0.40158,0.55757,0.20982,-0.79203,0.13338,0.12149,0.30344,-0.05806,
1403715328862143488,-1.25146,-2.20758,0.39758,0.55142,0.22274,-0.79046,0.14670,0.13542,0.24255,-0.04932,
1403715328962142464,-1.23684,-2.18414,0.39392,0.54666,0.24211,-0.78458,0.16437,0.15484,0.18975,-0.04329,
1403715329062143488,-1.22054,-2.16426,0.38928,0.54076,0.26667,-0.77602,0.18523,0.17281,0.15995,-0.04917,
1403715329162142464,-1.20351,-2.14848,0.38353,0.53211,0.29289,-0.76665,0.20831,0.16619,0.13574,-0.06643,
